X;Y;Z;ROT;GRüN;BLAU;STEIGUNG;;;;
1000,95;-310,503;0;80;114;137;0,97004;;;;
997,964;-309,987;0;80;114;137;0,97004;;;;
996,416;-309,914;0;80;114;137;0,97004;;;;
975,296;-303,745;0;80;114;137;0,97004;;;;
997,139;-310,956;0;80;114;137;0,97004;;;;
987;-308,199;0;80;114;137;0,97004;;;;
990,226;-309,612;0;80;114;137;0,97004;;;;
986,293;-308,787;0;80;114;137;0,97004;;;;
991,425;-310,8;0;80;114;137;0,97004;;;;
989,878;-310,721;0;80;114;137;0,97004;;;;
994,532;-312,59;0;80;114;137;0,97004;;;;
977,722;-307,708;0;80;114;137;0,97004;;;;
977,13;-307,923;0;80;114;137;0,97004;;;;
993,227;-313,404;0;80;114;137;0,97004;;;;
960,213;-303,381;0;80;114;137;0,97004;;;;
990,609;-313,391;0;80;114;137;0,97004;;;;
977,146;-309,534;0;80;114;137;0,97004;;;;
980,843;-311,108;0;80;114;137;0,97004;;;;
952,611;-302,545;0;80;114;137;0,97004;;;;
983,946;-312,901;0;80;114;137;0,97004;;;;
981,447;-312,51;0;80;114;137;0,97004;;;;
979,901;-312,421;0;80;114;137;0,97004;;;;
990,263;-316,132;0;80;114;137;0,97004;;;;
966,808;-309,042;0;80;114;137;0,97004;;;;
954,787;-305,593;0;80;114;137;0,97004;;;;
958,482;-307,17;0;80;114;137;0,97004;;;;
971,698;-311,806;0;80;114;137;0,97004;;;;
969,677;-311,557;0;80;114;137;0,97004;;;;
953,854;-306,866;0;80;114;137;0,97004;;;;
978,963;-315,348;0;80;114;137;0,97004;;;;
969,804;-312,797;0;80;114;137;0,97004;;;;
961,598;-310,547;0;80;114;137;0,97004;;;;
954,346;-308,599;0;80;114;137;0,97004;;;;
973,734;-315,27;0;80;114;137;0,97004;;;;
956,493;-310,082;0;80;114;137;0,97004;;;;
948,293;-307,815;0;80;114;137;0,97004;;;;
959,59;-311,879;0;80;114;137;0,97004;;;;
955,194;-310,844;0;80;114;137;0,97004;;;;
943,193;-307,329;0;80;114;137;0,97004;;;;
939,751;-306,595;0;80;114;137;0,97004;;;;
963,876;-314,864;0;80;114;137;0,97004;;;;
954,729;-312,271;0;80;114;137;0,97004;;;;
964,115;-315,74;0;80;114;137;0,97004;;;;
949,744;-311,426;0;80;114;137;0,97004;;;;
949,628;-311,781;0;80;114;137;0,97004;;;;
950,461;-312,448;0;80;114;137;0,97004;;;;
955,569;-314,522;0;80;114;137;0,97004;;;;
929,808;-306,428;0;80;114;137;0,97004;;;;
955,334;-315,236;0;80;114;137;0,97004;;;;
942,397;-311,358;0;80;114;137;0,97004;;;;
943,23;-312,024;0;80;114;137;0,97004;;;;
948,335;-314,106;0;80;114;137;0,97004;;;;
939,675;-311,627;0;80;114;137;0,97004;;;;
930,542;-308,984;0;80;114;137;0,97004;;;;
929,004;-308,858;0;80;114;137;0,97004;;;;
945,492;-314,732;0;80;114;137;0,97004;;;;
938,734;-312,872;0;80;114;137;0,97004;;;;
933,4;-311,482;0;80;114;137;0,97004;;;;
916,211;-306,126;0;80;114;137;0,97004;;;;
935,538;-312,972;0;80;114;137;0,97004;;;;
938,739;-314,433;0;80;114;137;0,97004;;;;
942,888;-316,215;0;80;114;137;0,97004;;;;
920,493;-309,086;0;80;114;137;0,97004;;;;
912,32;-306,721;0;80;114;137;0,97004;;;;
928,317;-312,485;0;80;114;137;0,97004;;;;
928,674;-312,992;0;80;114;137;0,97004;;;;
936,137;-315,897;0;80;114;137;0,97004;;;;
920,861;-311,125;0;80;114;137;0,97004;;;;
923,113;-312,27;0;80;114;137;0,97004;;;;
924,417;-313,096;0;80;114;137;0,97004;;;;
920,039;-311,996;0;80;114;137;0,97004;;;;
932,705;-316,68;0;80;114;137;0,97004;;;;
913,178;-310,43;0;80;114;137;0,97004;;;;
919,215;-312,865;0;80;114;137;0,97004;;;;
911,999;-310,79;0;80;114;137;0,97004;;;;
911,883;-311,13;0;80;114;137;0,97004;;;;
909,401;-310,663;0;80;114;137;0,97004;;;;
904,081;-309,222;0;80;114;137;0,97004;;;;
920,048;-315,068;0;80;114;137;0,97004;;;;
913,782;-313,303;0;80;114;137;0,97004;;;;
916,029;-314,456;0;80;114;137;0,97004;;;;
913,548;-313,985;0;80;114;137;0,97004;;;;
897,355;-308,795;0;80;114;137;0,97004;;;;
884,949;-304,896;0;80;114;137;0,97004;;;;
900,433;-310,607;0;80;114;137;0,97004;;;;
900,79;-311,106;0;80;114;137;0,97004;;;;
905,399;-313,077;0;80;114;137;0,97004;;;;
895,36;-309,98;0;80;114;137;0,97004;;;;
908,472;-314,899;0;80;114;137;0,97004;;;;
900,796;-312,615;0;80;114;137;0,97004;;;;
905,402;-314,593;0;80;114;137;0,97004;;;;
889,229;-309,346;0;80;114;137;0,97004;;;;
892,418;-310,829;0;80;114;137;0,97004;;;;
896,079;-312,479;0;80;114;137;0,97004;;;;
893,13;-311,825;0;80;114;137;0,97004;;;;
897,261;-313,643;0;80;114;137;0,97004;;;;
893,369;-312,657;0;80;114;137;0,97004;;;;
897,971;-314,644;0;80;114;137;0,97004;;;;
907,289;-318,29;0;80;114;137;0,97004;;;;
885,47;-311,007;0;80;114;137;0,97004;;;;
886,769;-311,835;0;80;114;137;0,97004;;;;
897,5;-315,986;0;80;114;137;0,97004;;;;
881,348;-310,669;0;80;114;137;0,97004;;;;
880,289;-310,666;0;80;114;137;0,97004;;;;
903,274;-319,156;0;80;114;137;0,97004;;;;
876,757;-310,156;0;80;114;137;0,97004;;;;
887,482;-314,323;0;80;114;137;0,97004;;;;
875,583;-310,476;0;80;114;137;0,97004;;;;
891,016;-316,324;0;80;114;137;0,97004;;;;
871,111;-309,623;0;80;114;137;0,97004;;;;
874,292;-311,122;0;80;114;137;0,97004;;;;
882,183;-314,301;0;80;114;137;0,97004;;;;
895,252;-319,334;0;80;114;137;0,97004;;;;
872,531;-311,597;0;80;114;137;0,97004;;;;
887,48;-317,31;0;80;114;137;0,97004;;;;
879,83;-314,945;0;80;114;137;0,97004;;;;
867,474;-310,888;0;80;114;137;0,97004;;;;
873,476;-313,407;0;80;114;137;0,97004;;;;
869,124;-312,212;0;80;114;137;0,97004;;;;
861,009;-309,66;0;80;114;137;0,97004;;;;
871,713;-313,877;0;80;114;137;0,97004;;;;
875,829;-315,729;0;80;114;137;0,97004;;;;
862,542;-311,303;0;80;114;137;0,97004;;;;
866,658;-313,155;0;80;114;137;0,97004;;;;
867,482;-313,818;0;80;114;137;0,97004;;;;
867,834;-314,313;0;80;114;137;0,97004;;;;
870,067;-315,489;0;80;114;137;0,97004;;;;
856,32;-310,866;0;80;114;137;0,97004;;;;
856,203;-311,186;0;80;114;137;0,97004;;;;
846,69;-308,086;0;80;114;137;0,97004;;;;
865,837;-315,419;0;80;114;137;0,97004;;;;
864,779;-315,4;0;80;114;137;0,97004;;;;
854,798;-312,122;0;80;114;137;0,97004;;;;
864,543;-316,046;0;80;114;137;0,97004;;;;
857,382;-313,791;0;80;114;137;0,97004;;;;
847,875;-310,671;0;80;114;137;0,97004;;;;
860,903;-315,809;0;80;114;137;0,97004;;;;
848,582;-311,649;0;80;114;137;0,97004;;;;y = 0,0228x - 333,07
851,281;-313,001;0;80;114;137;0,97004;;;;y = -2,0146x + 1329
847,879;-312,11;0;80;114;137;0,97004;;;;= 0,0557x - 509,57
858,084;-316,231;0;80;114;137;0,97004;;;;= -3,0852x + 1648,9
848,115;-312,916;0;80;114;137;0,97004;;;;
860,662;-317,911;0;80;114;137;0,97004;;;;
861,95;-318,753;0;80;114;137;0,97004;;;;
855,735;-316,818;0;80;114;137;0,97004;;;;
837,801;-310,534;0;80;114;137;0,97004;;;;
850,342;-315,543;0;80;114;137;0,97004;;;;
858,661;-318,995;0;80;114;137;0,97004;;;;
844,482;-314,087;0;80;114;137;0,97004;;;;
851,862;-317,194;0;80;114;137;0,97004;;;;
840,968;-313,495;0;80;114;137;0,97004;;;;
846,94;-316,082;0;80;114;137;0,97004;;;;
854,316;-319,198;0;80;114;137;0,97004;;;;
841,553;-314,788;0;80;114;137;0,97004;;;;
845,649;-316,68;0;80;114;137;0,97004;;;;
836,636;-313,661;0;80;114;137;0,97004;;;;
844,476;-316,96;0;80;114;137;0,97004;;;;
842,954;-316,748;0;80;114;137;0,97004;;;;
849,387;-319,528;0;80;114;137;0,97004;;;;
856,286;-322,488;0;80;114;137;0,97004;;;;
849,616;-320,338;0;80;114;137;0,97004;;;;
857,916;-323,834;0;80;114;137;0,97004;;;;
847,506;-320,266;0;80;114;137;0,97004;;;;
855,336;-323,59;0;80;114;137;0,97004;;;;
858,956;-325,326;0;80;114;137;0,97004;;;;
843,874;-319,974;0;80;114;137;0,97004;;;;
848,429;-322,064;0;80;114;137;0,97004;;;;
851,58;-323,624;0;80;114;137;0,97004;;;;
845,851;-321,809;0;80;114;137;0,97004;;;;
857,412;-326,574;0;80;114;137;0,97004;;;;
861,028;-328,319;0;80;114;137;0,97004;;;;
850,628;-324,718;0;80;114;137;0,97004;;;;
854,71;-326,642;0;80;114;137;0,97004;;;;
852,253;-326,068;0;80;114;137;0,97004;;;;
840,459;-321,915;0;80;114;137;0,97004;;;;
851,076;-326,346;0;80;114;137;0,97004;;;;
850,954;-326,664;0;80;114;137;0,97004;;;;
847,565;-325,727;0;80;114;137;0,97004;;;;
846,51;-325,684;0;80;114;137;0,97004;;;;
853,854;-328,876;0;80;114;137;0,97004;;;;
860,728;-331,893;0;80;114;137;0,97004;;;;
856,873;-330,774;0;80;114;137;0,97004;;;;
847,421;-327,489;0;80;114;137;0,97004;;;;
848,698;-328,347;0;80;114;137;0,97004;;;;
860,232;-333,178;0;80;114;137;0,97004;;;;
849,851;-329,523;0;80;114;137;0,97004;;;;
849,262;-329,659;0;80;114;137;0,97004;;;;
855,663;-332,512;0;80;114;137;0,97004;;;;
855,073;-332,65;0;80;114;137;0,97004;;;;
849,358;-330,792;0;80;114;137;0,97004;;;;
842,712;-328,567;0;80;114;137;0,97004;;;;
853,302;-333,063;0;80;114;137;0,97004;;;;
853,644;-333,563;0;80;114;137;0,97004;;;;
865,626;-338,618;0;80;114;137;0,97004;;;;
852,929;-334,019;0;80;114;137;0,97004;;;;
850,476;-333,425;0;80;114;137;0,97004;;;;
849,886;-333,56;0;80;114;137;0,97004;;;;
844,177;-331,683;0;80;114;137;0,97004;;;;
861,735;-338,953;0;80;114;137;0,97004;;;;
851,373;-335,245;0;80;114;137;0,97004;;;;
858,69;-338,496;0;80;114;137;0,97004;;;;
849,262;-335,146;0;80;114;137;0,97004;;;;
854,717;-337,668;0;80;114;137;0,97004;;;;
850,406;-336,332;0;80;114;137;0,97004;;;;
850,745;-336,834;0;80;114;137;0,97004;;;;
856,605;-339,69;0;80;114;137;0,97004;;;;
868,561;-344,807;0;80;114;137;0,97004;;;;
851,705;-338,483;0;80;114;137;0,97004;;;;
853,437;-339,541;0;80;114;137;0,97004;;;;
849,594;-338,38;0;80;114;137;0,97004;;;;
855,505;-341,104;0;80;114;137;0,97004;;;;
859,093;-342,907;0;80;114;137;0,97004;;;;
843,178;-336,919;0;80;114;137;0,97004;;;;
852,337;-340,948;0;80;114;137;0,97004;;;;
840,141;-336,434;0;80;114;137;0,97004;;;;
837,695;-335,817;0;80;114;137;0,97004;;;;
855,203;-343,207;0;80;114;137;0,97004;;;;
864,817;-347,44;0;80;114;137;0,97004;;;;
848,915;-341,42;0;80;114;137;0,97004;;;;
849,715;-342,111;0;80;114;137;0,97004;;;;
838,921;-338,129;0;80;114;137;0,97004;;;;
854,096;-344,616;0;80;114;137;0,97004;;;;
853,504;-344,748;0;80;114;137;0,97004;;;;
853,839;-345,254;0;80;114;137;0,97004;;;;
853,71;-345,573;0;80;114;137;0,97004;;;;
853,117;-345,704;0;80;114;137;0,97004;;;;
865,961;-351,285;0;80;114;137;0,97004;;;;
857,491;-348,222;0;80;114;137;0,97004;;;;
861,067;-350,049;0;80;114;137;0,97004;;;;
854,915;-347,921;0;80;114;137;0,97004;;;;
856,638;-348,994;0;80;114;137;0,97004;;;;
849,1;-346,293;0;80;114;137;0,97004;;;;
868,412;-354,548;0;80;114;137;0,97004;;;;
846,989;-346,171;0;80;114;137;0,97004;;;;
850,099;-347,812;0;80;114;137;0,97004;;;;
844,88;-346,045;0;80;114;137;0,97004;;;;
849,377;-348,258;0;80;114;137;0,97004;;;;
853,409;-350,284;0;80;114;137;0,97004;;;;
852,816;-350,412;0;80;114;137;0,97004;;;;
835,576;-343,693;0;80;114;137;0,97004;;;;
858,564;-353,524;0;80;114;137;0,97004;;;;
840,866;-346,604;0;80;114;137;0,97004;;;;
848,132;-349,97;0;80;114;137;0,97004;;;;
848,925;-350,668;0;80;114;137;0,97004;;;;
848,332;-350,794;0;80;114;137;0,97004;;;;
856,517;-354,553;0;80;114;137;0,97004;;;;
831,903;-344,728;0;80;114;137;0,97004;;;;
855,79;-355,001;0;80;114;137;0,97004;;;;
839,495;-348,61;0;80;114;137;0,97004;;;;
858,756;-356,984;0;80;114;137;0,97004;;;;
852,16;-354,615;0;80;114;137;0,97004;;;;
855,259;-356,279;0;80;114;137;0,97004;;;;
861,586;-359,293;0;80;114;137;0,97004;;;;
853,147;-356,148;0;80;114;137;0,97004;;;;
858,549;-358,78;0;80;114;137;0,97004;;;;
861,183;-360,258;0;80;114;137;0,97004;;;;
846,29;-354,4;0;80;114;137;0,97004;;;;
852,613;-357,422;0;80;114;137;0,97004;;;;
860,318;-361,03;0;80;114;137;0,97004;;;;
854,651;-359,027;0;80;114;137;0,97004;;;;
842,073;-354,113;0;80;114;137;0,97004;;;;
847,47;-356,755;0;80;114;137;0,97004;;;;
854,709;-360,179;0;80;114;137;0,97004;;;;
852,271;-359,526;0;80;114;137;0,97004;;;;
852,137;-359,844;0;80;114;137;0,97004;;;;
852,923;-360,552;0;80;114;137;0,97004;;;;
852,789;-360,871;0;80;114;137;0,97004;;;;
850,812;-360,409;0;80;114;137;0,97004;;;;
851,138;-360,922;0;80;114;137;0,97004;;;;
853,304;-362,217;0;80;114;137;0,97004;;;;
851,788;-361,949;0;80;114;137;0,97004;;;;
860,395;-365,985;0;80;114;137;0,97004;;;;
848,758;-361,41;0;80;114;137;0,97004;;;;
851,842;-363,099;0;80;114;137;0,97004;;;;
856,305;-365,379;0;80;114;137;0,97004;;;;
861,687;-368,056;0;80;114;137;0,97004;;;;
849,136;-363,07;0;80;114;137;0,97004;;;;
854,976;-365,945;0;80;114;137;0,97004;;;;
859,895;-368,431;0;80;114;137;0,97004;;;;
834,484;-357,912;0;80;114;137;0,97004;;;;
857,322;-368,087;0;80;114;137;0,97004;;;;
847,538;-364,261;0;80;114;137;0,97004;;;;
857,047;-368,727;0;80;114;137;0,97004;;;;
856,909;-369,047;0;80;114;137;0,97004;;;;
862,74;-371,94;0;80;114;137;0,97004;;;;
870,406;-375,63;0;80;114;137;0,97004;;;;
861,085;-371,99;0;80;114;137;0,97004;;;;
858,652;-371,319;0;80;114;137;0,97004;;;;
846,583;-366,475;0;80;114;137;0,97004;;;;
849,198;-367,984;0;80;114;137;0,97004;;;;
851,354;-369,296;0;80;114;137;0,97004;;;;
848,465;-368,419;0;80;114;137;0,97004;;;;
863,001;-375,114;0;80;114;137;0,97004;;;;
845,438;-367,856;0;80;114;137;0,97004;;;;
843,926;-367,573;0;80;114;137;0,97004;;;;
869,455;-379,079;0;80;114;137;0,97004;;;;
853,732;-372,603;0;80;114;137;0,97004;;;;
847,179;-370,12;0;80;114;137;0,97004;;;;
847,957;-370,837;0;80;114;137;0,97004;;;;
855,605;-374,562;0;80;114;137;0,97004;;;;
862,334;-377,892;0;80;114;137;0,97004;;;;
860,361;-377,411;0;80;114;137;0,97004;;;;
847,859;-372,304;0;80;114;137;0,97004;;;;
853,213;-375,035;0;80;114;137;0,97004;;;;
843,004;-370,924;0;80;114;137;0,97004;;;;
846,069;-372,649;0;80;114;137;0,97004;;;;
852,335;-375,789;0;80;114;137;0,97004;;;;
850,822;-375,502;0;80;114;137;0,97004;;;;
840,163;-371,173;0;80;114;137;0,97004;;;;
865,174;-382,609;0;80;114;137;0,97004;;;;
864,574;-382,729;0;80;114;137;0,97004;;;;
863,06;-382,445;0;80;114;137;0,97004;;;;
842,349;-373,644;0;80;114;137;0,97004;;;;
856,376;-380,249;0;80;114;137;0,97004;;;;
848,467;-377,116;0;80;114;137;0,97004;;;;
859,29;-382,311;0;80;114;137;0,97004;;;;
852,296;-379,58;0;80;114;137;0,97004;;;;
853,524;-380,51;0;80;114;137;0,97004;;;;
849,729;-379,198;0;80;114;137;0,97004;;;;
859,631;-384,002;0;80;114;137;0,97004;;;;
856,748;-383,099;0;80;114;137;0,97004;;;;
853,867;-382,193;0;80;114;137;0,97004;;;;
867,413;-388,645;0;80;114;137;0,97004;;;;
852,669;-382,421;0;80;114;137;0,97004;;;;
857,087;-384,788;0;80;114;137;0,97004;;;;
852,383;-383,058;0;80;114;137;0,97004;;;;
859,08;-386,453;0;80;114;137;0,97004;;;;
844,802;-380,41;0;80;114;137;0,97004;;;;
846,483;-381,547;0;80;114;137;0,97004;;;;
857,279;-386,799;0;80;114;137;0,97004;;;;
854,4;-385,884;0;80;114;137;0,97004;;;;
842,866;-381,054;0;80;114;137;0,97004;;;;
860,945;-389,614;0;80;114;137;0,97004;;;;
848,957;-384,572;0;80;114;137;0,97004;;;;
849,724;-385,302;0;80;114;137;0,97004;;;;
854,589;-387,892;0;80;114;137;0,97004;;;;
861,272;-391,314;0;80;114;137;0,97004;;;;
835,183;-379,837;0;80;114;137;0,97004;;;;
848,238;-386,157;0;80;114;137;0,97004;;;;
855,373;-389,791;0;80;114;137;0,97004;;;;
852,498;-388,865;0;80;114;137;0,97004;;;;
855,082;-390,43;0;80;114;137;0,97004;;;;
860,848;-393,451;0;80;114;137;0,97004;;;;
856,154;-391,692;0;80;114;137;0,97004;;;;
862,372;-394,927;0;80;114;137;0,97004;;;;
849,952;-389,623;0;80;114;137;0,97004;;;;
852,533;-391,192;0;80;114;137;0,97004;;;;
853,75;-392,136;0;80;114;137;0,97004;;;;
857,238;-394,126;0;80;114;137;0,97004;;;;
848,461;-390,474;0;80;114;137;0,97004;;;;
849,677;-391,419;0;80;114;137;0,97004;;;;
859,066;-396,133;0;80;114;137;0,97004;;;;
853,47;-393,939;0;80;114;137;0,97004;;;;
843,791;-389,854;0;80;114;137;0,97004;;;;
851,361;-393,737;0;80;114;137;0,97004;;;;
861,65;-398,886;0;80;114;137;0,97004;;;;
854,242;-395,845;0;80;114;137;0,97004;;;;
847,29;-393,008;0;80;114;137;0,97004;;;;
851,678;-395,43;0;80;114;137;0,97004;;;;
846,996;-393,641;0;80;114;137;0,97004;;;;
858,183;-399,229;0;80;114;137;0,97004;;;;
848,515;-395,118;0;80;114;137;0,97004;;;;
853,806;-397,969;0;80;114;137;0,97004;;;;
859,548;-401,036;0;80;114;137;0,97004;;;;
851,696;-397,761;0;80;114;137;0,97004;;;;
852,453;-398,502;0;80;114;137;0,97004;;;;
855,022;-400,092;0;80;114;137;0,97004;;;;
850,797;-398,503;0;80;114;137;0,97004;;;;
866,946;-406,461;0;80;114;137;0,97004;;;;
854,573;-401,05;0;80;114;137;0,97004;;;;
858,949;-403,495;0;80;114;137;0,97004;;;;
849,748;-399,561;0;80;114;137;0,97004;;;;
864,528;-406,905;0;80;114;137;0,97004;;;;
839,499;-395,507;0;80;114;137;0,97004;;;;
853,37;-402,432;0;80;114;137;0,97004;;;;
856,837;-404,458;0;80;114;137;0,97004;;;;
851,261;-402,215;0;80;114;137;0,97004;;;;
855,179;-404,457;0;80;114;137;0,97004;;;;
849,605;-402,209;0;80;114;137;0,97004;;;;
857,587;-406,38;0;80;114;137;0,97004;;;;
861,05;-408,415;0;80;114;137;0,97004;;;;
860,897;-408,736;0;80;114;137;0,97004;;;;
853,97;-405,838;0;80;114;137;0,97004;;;;
848,852;-403,795;0;80;114;137;0,97004;;;;
847,347;-403,467;0;80;114;137;0,97004;;;;
855,772;-407,871;0;80;114;137;0,97004;;;;
857,425;-409,051;0;80;114;137;0,97004;;;;
862,686;-411,957;0;80;114;137;0,97004;;;;
852,157;-407,32;0;80;114;137;0,97004;;;;
849,749;-406,559;0;80;114;137;0,97004;;;;
847,793;-406,013;0;80;114;137;0,97004;;;;
864,324;-414,326;0;80;114;137;0,97004;;;;
853,801;-409,674;0;80;114;137;0,97004;;;;
850,042;-408,261;0;80;114;137;0,97004;;;;
852,593;-409,878;0;80;114;137;0,97004;;;;
845,232;-406,728;0;80;114;137;0,97004;;;;
860,396;-414,421;0;80;114;137;0,97004;;;;
853,034;-411,268;0;80;114;137;0,97004;;;;
855,132;-412,673;0;80;114;137;0,97004;;;;
859,03;-414,95;0;80;114;137;0,97004;;;;
849,422;-410,7;0;80;114;137;0,97004;;;;
852,419;-412,542;0;80;114;137;0,97004;;;;
866,664;-419,836;0;80;114;137;0,97004;;;;
861,109;-417,541;0;80;114;137;0,97004;;;;
852,406;-413,715;0;80;114;137;0,97004;;;;
861,696;-418,622;0;80;114;137;0,97004;;;;
858,842;-417,631;0;80;114;137;0,97004;;;;
844,749;-411,169;0;80;114;137;0,97004;;;;
852,237;-415,207;0;80;114;137;0,97004;;;;
853,879;-416,402;0;80;114;137;0,97004;;;;
860,014;-419,791;0;80;114;137;0,97004;;;;
851,322;-415,942;0;80;114;137;0,97004;;;;
863,743;-422,411;0;80;114;137;0,97004;;;;
854,154;-418,117;0;80;114;137;0,97004;;;;
853,1;-417,996;0;80;114;137;0,97004;;;;
845,312;-414,572;0;80;114;137;0,97004;;;;
853,236;-418,853;0;80;114;137;0,97004;;;;
851,285;-418,29;0;80;114;137;0,97004;;;;
867,729;-426,773;0;80;114;137;0,97004;;;;
862,187;-424,447;0;80;114;137;0,97004;;;;
849,919;-418,802;0;80;114;137;0,97004;;;;
848,417;-418,455;0;80;114;137;0,97004;;;;
857,676;-423,42;0;80;114;137;0,97004;;;;
855,724;-422,855;0;80;114;137;0,97004;;;;
859,6;-425,169;0;80;114;137;0,97004;;;;
859,889;-425,712;0;80;114;137;0,97004;;;;
850,322;-421,371;0;80;114;137;0,97004;;;;
850,164;-421,689;0;80;114;137;0,97004;;;;
866,577;-430,233;0;80;114;137;0,97004;;;;
862,834;-428,776;0;80;114;137;0,97004;;;;
853,273;-424,423;0;80;114;137;0,97004;;;;
852,219;-424,295;0;80;114;137;0,97004;;;;
865,486;-431,304;0;80;114;137;0,97004;;;;
846,533;-422,254;0;80;114;137;0,97004;;;;
845,928;-422,347;0;80;114;137;0,97004;;;;
855,61;-427,58;0;80;114;137;0,97004;;;;
845,612;-422,978;0;80;114;137;0,97004;;;;
861,102;-431,129;0;80;114;137;0,97004;;;;
857,812;-429,882;0;80;114;137;0,97004;;;;
867,931;-435,359;0;80;114;137;0,97004;;;;
854,363;-428,953;0;80;114;137;0,97004;;;;
855,989;-430,17;0;80;114;137;0,97004;;;;
856,722;-430,939;0;80;114;137;0,97004;;;;
857,454;-431,708;0;80;114;137;0,97004;;;;
851,042;-428,878;0;80;114;137;0,97004;;;;
853,114;-430,322;0;80;114;137;0,97004;;;;
860,541;-434,472;0;80;114;137;0,97004;;;;
861,717;-435,47;0;80;114;137;0,97004;;;;
858,431;-434,212;0;80;114;137;0,97004;;;;
861,392;-436,113;0;80;114;137;0,97004;;;;
850,971;-431,237;0;80;114;137;0,97004;;;;
853,485;-432,911;0;80;114;137;0,97004;;;;
856,444;-434,815;0;80;114;137;0,97004;;;;
864,305;-439,212;0;80;114;137;0,97004;;;;
855,673;-435,228;0;80;114;137;0,97004;;;;
857,293;-436,455;0;80;114;137;0,97004;;;;
854,903;-435,64;0;80;114;137;0,97004;;;;
852,067;-434,596;0;80;114;137;0,97004;;;;
859,475;-438,779;0;80;114;137;0,97004;;;;
853,078;-435,915;0;80;114;137;0,97004;;;;
856,031;-437,827;0;80;114;137;0,97004;;;;
860,318;-440,425;0;80;114;137;0,97004;;;;
850,809;-435,958;0;80;114;137;0,97004;;;;
862,214;-442,209;0;80;114;137;0,97004;;;;
854,487;-438,649;0;80;114;137;0,97004;;;;
860,994;-442,396;0;80;114;137;0,97004;;;;
859,939;-442,26;0;80;114;137;0,97004;;;;
854,439;-439,835;0;80;114;137;0,97004;;;;
858,72;-442,444;0;80;114;137;0,97004;;;;
861,221;-444,14;0;80;114;137;0,97004;;;;
858,833;-443,315;0;80;114;137;0,97004;;;;
871,994;-450,521;0;80;114;137;0,97004;;;;
860,278;-444,875;0;80;114;137;0,97004;;;;
856,116;-443,128;0;80;114;137;0,97004;;;;
845,295;-437,927;0;80;114;137;0,97004;;;;
864,662;-448,37;0;80;114;137;0,97004;;;;
856,062;-444,317;0;80;114;137;0,97004;;;;
853,234;-443,254;0;80;114;137;0,97004;;;;
852,625;-443,342;0;80;114;137;0,97004;;;;
857,782;-446,43;0;80;114;137;0,97004;;;;
863,379;-449,753;0;80;114;137;0,97004;;;;
852,571;-444,528;0;80;114;137;0,97004;;;;
851,962;-444,615;0;80;114;137;0,97004;;;;
857,557;-447,943;0;80;114;137;0,97004;;;;
869,796;-454,749;0;80;114;137;0,97004;;;;
864,31;-452,292;0;80;114;137;0,97004;;;;
859,269;-450,063;0;80;114;137;0,97004;;;;
873,272;-457,813;0;80;114;137;0,97004;;;;
853,62;-447,917;0;80;114;137;0,97004;;;;
856,551;-449,863;0;80;114;137;0,97004;;;;
846,646;-445,065;0;80;114;137;0,97004;;;;
856,657;-450,736;0;80;114;137;0,97004;;;;
855,604;-450,59;0;80;114;137;0,97004;;;;
853,666;-449,977;0;80;114;137;0,97004;;;;
871,187;-459,628;0;80;114;137;0,97004;;;;
852,003;-449,914;0;80;114;137;0,97004;;;;
858,024;-453,503;0;80;114;137;0,97004;;;;
844,596;-446,809;0;80;114;137;0,97004;;;;
854,592;-452,506;0;80;114;137;0,97004;;;;
859,724;-455,635;0;80;114;137;0,97004;;;;
866,18;-459,47;0;80;114;137;0,97004;;;;
852,759;-452,76;0;80;114;137;0,97004;;;;
856,564;-455,19;0;80;114;137;0,97004;;;;
848,89;-451,518;0;80;114;137;0,97004;;;;
865,492;-460,764;0;80;114;137;0,97004;;;;
860,025;-458,266;0;80;114;137;0,97004;;;;
856,324;-456,705;0;80;114;137;0,97004;;;;
864,975;-461,734;0;80;114;137;0,97004;;;;
866,126;-462,763;0;80;114;137;0,97004;;;;
858,017;-458,843;0;80;114;137;0,97004;;;;
860,049;-460,343;0;80;114;137;0,97004;;;;
860,318;-460,9;0;80;114;137;0,97004;;;;
859,705;-460,985;0;80;114;137;0,97004;;;;
856,889;-459,888;0;80;114;137;0,97004;;;;
858,92;-461,391;0;80;114;137;0,97004;;;;
862,711;-463,842;0;80;114;137;0,97004;;;;
853,292;-459,189;0;80;114;137;0,97004;;;;
870,728;-468,992;0;80;114;137;0,97004;;;;
849,427;-457,928;0;80;114;137;0,97004;;;;
853,217;-460,382;0;80;114;137;0,97004;;;;
852,165;-460,226;0;80;114;137;0,97004;;;;
854,632;-461,97;0;80;114;137;0,97004;;;;
856,218;-463,241;0;80;114;137;0,97004;;;;
844,614;-457,371;0;80;114;137;0,97004;;;;
853,234;-462,451;0;80;114;137;0,97004;;;;
849,106;-460,624;0;80;114;137;0,97004;;;;
850,692;-461,896;0;80;114;137;0,97004;;;;
846,126;-459,826;0;80;114;137;0,97004;;;;
845,515;-459,903;0;80;114;137;0,97004;;;;
853,248;-464,522;0;80;114;137;0,97004;;;;
851,757;-464,123;0;80;114;137;0,97004;;;;
843,243;-459,892;0;80;114;137;0,97004;;;;
850,093;-464,04;0;80;114;137;0,97004;;;;
852,114;-465,557;0;80;114;137;0,97004;;;;
856,766;-468,514;0;80;114;137;0,97004;;;;
842,117;-460,912;0;80;114;137;0,97004;;;;
841,944;-461,226;0;80;114;137;0,97004;;;;
835,634;-458,175;0;80;114;137;0,97004;;;;
844,23;-463,298;0;80;114;137;0,97004;;;;
845,81;-464,576;0;80;114;137;0,97004;;;;
835,997;-459,593;0;80;114;137;0,97004;;;;
840,566;-462,698;0;80;114;137;0,97004;;;;
841,707;-463,735;0;80;114;137;0,97004;;;;
831,025;-458,255;0;80;114;137;0,97004;;;;
830,854;-458,565;0;80;114;137;0,97004;;;;
841,187;-464,678;0;80;114;137;0,97004;;;;
847,139;-468,379;0;80;114;137;0,97004;;;;
832,09;-460,464;0;80;114;137;0,97004;;;;
836,292;-463,198;0;80;114;137;0,97004;;;;
823;-456,237;0;80;114;137;0,97004;;;;
839,443;-465,763;0;80;114;137;0,97004;;;;
846,7;-470,203;0;80;114;137;0,97004;;;;
830,354;-461,532;0;80;114;137;0,97004;;;;
840,232;-467,433;0;80;114;137;0,97004;;;;
828,262;-461,179;0;80;114;137;0,97004;;;;
840,319;-468,303;0;80;114;137;0,97004;;;;
834,031;-465,207;0;80;114;137;0,97004;;;;
819,013;-457,232;0;80;114;137;0,97004;;;;
828,009;-462,66;0;80;114;137;0,97004;;;;
835,254;-467,118;0;80;114;137;0,97004;;;;
825,045;-461,813;0;80;114;137;0,97004;;;;
821,819;-460,41;0;80;114;137;0,97004;;;;
833,422;-467,32;0;80;114;137;0,97004;;;;
825,399;-463,226;0;80;114;137;0,97004;;;;
823,046;-462,31;0;80;114;137;0,97004;;;;
813,721;-457,472;0;80;114;137;0,97004;;;;
810,935;-456,305;0;80;114;137;0,97004;;;;
828,191;-466,422;0;80;114;137;0,97004;;;;
822,355;-463,539;0;80;114;137;0,97004;;;;
826,972;-466,549;0;80;114;137;0,97004;;;;
825,056;-465,875;0;80;114;137;0,97004;;;;
810,082;-457,818;0;80;114;137;0,97004;;;;
810,781;-458,613;0;80;114;137;0,97004;;;;
826,709;-468,03;0;80;114;137;0,97004;;;;
816,529;-462,67;0;80;114;137;0,97004;;;;
806,787;-457,548;0;80;114;137;0,97004;;;;
809,225;-459,33;0;80;114;137;0,97004;;;;
815,14;-463,09;0;80;114;137;0,97004;;;;
818,01;-465,125;0;80;114;137;0,97004;;;;
825,223;-469,635;0;80;114;137;0,97004;;;;
801,587;-456,579;0;80;114;137;0,97004;;;;
804,457;-458,612;0;80;114;137;0,97004;;;;
818,617;-467,09;0;80;114;137;0,97004;;;;
803,246;-458,717;0;80;114;137;0,97004;;;;
814,795;-465,716;0;80;114;137;0,97004;;;;
801,601;-458,572;0;80;114;137;0,97004;;;;
801,429;-458,872;0;80;114;137;0,97004;;;;
793,016;-454,447;0;80;114;137;0,97004;;;;
812,363;-465,938;0;80;114;137;0,97004;;;;
806,552;-463,005;0;80;114;137;0,97004;;;;
810,714;-465,797;0;80;114;137;0,97004;;;;
812,708;-467,346;0;80;114;137;0,97004;;;;
811,666;-467,151;0;80;114;137;0,97004;;;;
810,192;-466,706;0;80;114;137;0,97004;;;;
804,386;-463,762;0;80;114;137;0,97004;;;;
798,15;-460,563;0;80;114;137;0,97004;;;;
806,638;-465,863;0;80;114;137;0,97004;;;;
796,94;-460,659;0;80;114;137;0,97004;;;;
811,483;-469,47;0;80;114;137;0,97004;;;;
796,596;-461,254;0;80;114;137;0,97004;;;;
799,884;-463,557;0;80;114;137;0,97004;;;;
806,199;-467,619;0;80;114;137;0,97004;;;;
801,7;-465,41;0;80;114;137;0,97004;;;;
806,282;-468,472;0;80;114;137;0,97004;;;;
797,03;-463,495;0;80;114;137;0,97004;;;;
792,967;-461,529;0;80;114;137;0,97004;;;;
808,78;-471,137;0;80;114;137;0,97004;;;;
792,19;-461,869;0;80;114;137;0,97004;;;;
788,995;-460,401;0;80;114;137;0,97004;;;;
806,525;-471,035;0;80;114;137;0,97004;;;;
790,809;-462,252;0;80;114;137;0,97004;;;;
789,342;-461,79;0;80;114;137;0,97004;;;;
795,21;-465,622;0;80;114;137;0,97004;;;;
801,938;-469,964;0;80;114;137;0,97004;;;;
792,705;-464,951;0;80;114;137;0,97004;;;;
783,476;-459,931;0;80;114;137;0,97004;;;;
788,047;-463,01;0;80;114;137;0,97004;;;;
784,426;-461,277;0;80;114;137;0,97004;;;;
793,733;-467,149;0;80;114;137;0,97004;;;;
784,943;-462,37;0;80;114;137;0,97004;;;;
791,231;-466,472;0;80;114;137;0,97004;;;;
790,195;-466,26;0;80;114;137;0,97004;;;;
794,757;-469,352;0;80;114;137;0,97004;;;;
785,112;-464,051;0;80;114;137;0,97004;;;;
780,635;-461,799;0;80;114;137;0,97004;;;;
793,37;-469,732;0;80;114;137;0,97004;;;;
779,43;-461,872;0;80;114;137;0,97004;;;;
782,697;-464,203;0;80;114;137;0,97004;;;;
781,664;-463,985;0;80;114;137;0,97004;;;;
786,219;-467,086;0;80;114;137;0,97004;;;;
781,317;-464,569;0;80;114;137;0,97004;;;;
778,566;-463,327;0;80;114;137;0,97004;;;;
782,688;-466,176;0;80;114;137;0,97004;;;;
793,251;-472,869;0;80;114;137;0,97004;;;;
771,176;-460,1;0;80;114;137;0,97004;;;;
790,751;-472,18;0;80;114;137;0,97004;;;;
786,712;-470,166;0;80;114;137;0,97004;;;;
780,1;-466,61;0;80;114;137;0,97004;;;;
780,784;-467,415;0;80;114;137;0,97004;;;;
770,315;-461,539;0;80;114;137;0,97004;;;;
787,295;-472,113;0;80;114;137;0,97004;;;;
783,689;-470,348;0;80;114;137;0,97004;;;;
776,655;-466,521;0;80;114;137;0,97004;;;;
770,482;-463,205;0;80;114;137;0,97004;;;;
778,877;-468,648;0;80;114;137;0,97004;;;;
770,992;-464,296;0;80;114;137;0,97004;;;;
774,673;-466,907;0;80;114;137;0,97004;;;;
768,933;-463,839;0;80;114;137;0,97004;;;;
771,328;-465,677;0;80;114;137;0,97004;;;;
775,861;-468,809;0;80;114;137;0,97004;;;;
772,263;-467,029;0;80;114;137;0,97004;;;;
777,222;-470,424;0;80;114;137;0,97004;;;;
770,203;-466,569;0;80;114;137;0,97004;;;;
773,877;-469,19;0;80;114;137;0,97004;;;;
773,702;-469,479;0;80;114;137;0,97004;;;;
772,672;-469,249;0;80;114;137;0,97004;;;;
769,933;-467,979;0;80;114;137;0,97004;;;;
765,059;-465,408;0;80;114;137;0,97004;;;;
766,166;-466,474;0;80;114;137;0,97004;;;;
767,273;-467,541;0;80;114;137;0,97004;;;;
761,549;-464,443;0;80;114;137;0,97004;;;;
768,631;-469,156;0;80;114;137;0,97004;;;;
764,189;-466,836;0;80;114;137;0,97004;;;;
769,56;-470,512;0;80;114;137;0,97004;;;;
770,237;-471,322;0;80;114;137;0,97004;;;;
767,503;-470,042;0;80;114;137;0,97004;;;;
765,622;-469,284;0;80;114;137;0,97004;;;;
759,906;-466,171;0;80;114;137;0,97004;;;;
770,384;-472,995;0;80;114;137;0,97004;;;;
765,947;-470,665;0;80;114;137;0,97004;;;;
758,531;-466,498;0;80;114;137;0,97004;;;;
748,138;-460,491;0;80;114;137;0,97004;;;;
762,865;-469,949;0;80;114;137;0,97004;;;;
763,115;-470,497;0;80;114;137;0,97004;;;;
754,855;-465,793;0;80;114;137;0,97004;;;;
753,83;-465,549;0;80;114;137;0,97004;;;;
758,76;-468,986;0;80;114;137;0,97004;;;;
748,379;-462,956;0;80;114;137;0,97004;;;;
750,757;-464,815;0;80;114;137;0,97004;;;;
758,659;-470,099;0;80;114;137;0,97004;;;;
751,685;-466,166;0;80;114;137;0,97004;;;;
738,341;-458,273;0;80;114;137;0,97004;;;;
754,734;-468,838;0;80;114;137;0,97004;;;;
753,709;-468,592;0;80;114;137;0,97004;;;;
747,167;-464,911;0;80;114;137;0,97004;;;;
747,417;-465,454;0;80;114;137;0,97004;;;;
737,908;-459,915;0;80;114;137;0,97004;;;;
747,069;-466,013;0;80;114;137;0,97004;;;;
747,743;-466,821;0;80;114;137;0,97004;;;;
747,993;-467,365;0;80;114;137;0,97004;;;;
751,634;-470,031;0;80;114;137;0,97004;;;;
739,167;-462,619;0;80;114;137;0,97004;;;;
747,469;-468,203;0;80;114;137;0,97004;;;;
731,196;-458,39;0;80;114;137;0,97004;;;;
747,119;-468,761;0;80;114;137;0,97004;;;;
747,791;-469,572;0;80;114;137;0,97004;;;;
744,652;-467,989;0;80;114;137;0,97004;;;;
742,361;-466,936;0;80;114;137;0,97004;;;;
736,262;-463,484;0;80;114;137;0,97004;;;;
750,473;-472,821;0;80;114;137;0,97004;;;;
741,414;-467,501;0;80;114;137;0,97004;;;;
741,24;-467,778;0;80;114;137;0,97004;;;;
736,837;-465,385;0;80;114;137;0,97004;;;;
744,694;-470,736;0;80;114;137;0,97004;;;;
738,602;-467,271;0;80;114;137;0,97004;;;;
739,695;-468,35;0;80;114;137;0,97004;;;;
752,613;-476,923;0;80;114;137;0,97004;;;;
739,767;-469,17;0;80;114;137;0,97004;;;;
734,948;-466,499;0;80;114;137;0,97004;;;;
750,39;-476,693;0;80;114;137;0,97004;;;;
731,646;-465,17;0;80;114;137;0,97004;;;;
739,909;-470,811;0;80;114;137;0,97004;;;;
725,816;-462,225;0;80;114;137;0,97004;;;;
741,665;-472,708;0;80;114;137;0,97004;;;;
731,372;-466,531;0;80;114;137;0,97004;;;;
729,09;-465,459;0;80;114;137;0,97004;;;;
736,922;-470,846;0;80;114;137;0,97004;;;;
730,427;-467,081;0;80;114;137;0,97004;;;;
726,884;-465,198;0;80;114;137;0,97004;;;;
745,236;-477,335;0;80;114;137;0,97004;;;;
733,271;-470,058;0;80;114;137;0,97004;;;;
737,725;-473,302;0;80;114;137;0,97004;;;;
735,444;-472,227;0;80;114;137;0,97004;;;;
726,014;-466,554;0;80;114;137;0,97004;;;;
727,101;-467,637;0;80;114;137;0,97004;;;;
734,915;-473,05;0;80;114;137;0,97004;;;;
737,26;-474,949;0;80;114;137;0,97004;;;;
724,475;-467,097;0;80;114;137;0,97004;;;;
733,964;-473,602;0;80;114;137;0,97004;;;;
717,406;-463,298;0;80;114;137;0,97004;;;;
723,952;-467,908;0;80;114;137;0,97004;;;;
717,899;-464,377;0;80;114;137;0,97004;;;;
721,503;-467,09;0;80;114;137;0,97004;;;;
726,364;-470,622;0;80;114;137;0,97004;;;;
724,091;-469,533;0;80;114;137;0,97004;;;;
714,688;-463,815;0;80;114;137;0,97004;;;;
718,289;-466,533;0;80;114;137;0,97004;;;;
723,564;-470,344;0;80;114;137;0,97004;;;;
731,771;-476,068;0;80;114;137;0,97004;;;;
715,671;-465,974;0;80;114;137;0,97004;;;;
717,591;-467,606;0;80;114;137;0,97004;;;;
711,972;-464,323;0;80;114;137;0,97004;;;;
724,359;-472,788;0;80;114;137;0,97004;;;;
718,322;-469,23;0;80;114;137;0,97004;;;;
722,751;-472,508;0;80;114;137;0,97004;;;;
704,165;-460,733;0;80;114;137;0,97004;;;;
722,816;-473,322;0;80;114;137;0,97004;;;;
730,166;-478,525;0;80;114;137;0,97004;;;;
712,01;-467,006;0;80;114;137;0,97004;;;;
710,163;-466,174;0;80;114;137;0,97004;;;;
719,183;-472,479;0;80;114;137;0,97004;;;;
714,41;-469,726;0;80;114;137;0,97004;;;;
719,665;-473,566;0;80;114;137;0,97004;;;;
725,752;-477,96;0;80;114;137;0,97004;;;;
715,971;-471,902;0;80;114;137;0,97004;;;;
717,047;-472,996;0;80;114;137;0,97004;;;;
715,618;-472,437;0;80;114;137;0,97004;;;;
708,35;-468,019;0;80;114;137;0,97004;;;;
711,095;-470,214;0;80;114;137;0,97004;;;;
714,672;-472,963;0;80;114;137;0,97004;;;;
719,08;-476,267;0;80;114;137;0,97004;;;;
707,65;-469,076;0;80;114;137;0,97004;;;;
717,891;-476,251;0;80;114;137;0,97004;;;;
718,963;-477,349;0;80;114;137;0,97004;;;;
710,039;-471,806;0;80;114;137;0,97004;;;;
704,867;-468,749;0;80;114;137;0,97004;;;;
715,93;-476,492;0;80;114;137;0,97004;;;;
706,181;-470,384;0;80;114;137;0,97004;;;;
716,822;-477,858;0;80;114;137;0,97004;;;;
718,723;-479,514;0;80;114;137;0,97004;;;;
712,722;-475,895;0;80;114;137;0,97004;;;;
713,792;-476,994;0;80;114;137;0,97004;;;;
705,301;-471,702;0;80;114;137;0,97004;;;;
709,28;-474,746;0;80;114;137;0,97004;;;;
717,826;-480,855;0;80;114;137;0,97004;;;;
708,925;-475,276;0;80;114;137;0,97004;;;;
712,9;-478,327;0;80;114;137;0,97004;;;;
713,136;-478,872;0;80;114;137;0,97004;;;;
710,882;-477,743;0;80;114;137;0,97004;;;;
715,267;-481,078;0;80;114;137;0,97004;;;;
715,088;-481,346;0;80;114;137;0,97004;;;;
716,152;-482,451;0;80;114;137;0,97004;;;;
715,143;-482,159;0;80;114;137;0,97004;;;;
702,528;-474,036;0;80;114;137;0,97004;;;;
715,611;-483,253;0;80;114;137;0,97004;;;;
705,488;-476,801;0;80;114;137;0,97004;;;;
713,593;-482,667;0;80;114;137;0,97004;;;;
717,139;-485,456;0;80;114;137;0,97004;;;;
705,367;-477,871;0;80;114;137;0,97004;;;;
697,74;-473,084;0;80;114;137;0,97004;;;;
712,044;-483,171;0;80;114;137;0,97004;;;;
716;-486,246;0;80;114;137;0,97004;;;;
705,066;-479,206;0;80;114;137;0,97004;;;;
708,608;-482;0;80;114;137;0,97004;;;;
707,188;-481,42;0;80;114;137;0,97004;;;;
709,487;-483,374;0;80;114;137;0,97004;;;;
709,307;-483,639;0;80;114;137;0,97004;;;;
704,996;-481,085;0;80;114;137;0,97004;;;;
712,661;-486,706;0;80;114;137;0,97004;;;;
707,939;-483,869;0;80;114;137;0,97004;;;;
723,44;-494,86;0;80;114;137;0,97004;;;;
707,165;-484,115;0;80;114;137;0,97004;;;;
703,684;-482,118;0;80;114;137;0,97004;;;;
704,328;-482,947;0;80;114;137;0,97004;;;;
702,911;-482,361;0;80;114;137;0,97004;;;;
714,271;-490,549;0;80;114;137;0,97004;;;;
712,44;-489,683;0;80;114;137;0,97004;;;;
712,669;-490,232;0;80;114;137;0,97004;;;;
724,017;-498,437;0;80;114;137;0,97004;;;;
709,42;-488,779;0;80;114;137;0,97004;;;;
715,824;-493,585;0;80;114;137;0,97004;;;;
702,059;-484,481;0;80;114;137;0,97004;;;;
719,981;-497,245;0;80;114;137;0,97004;;;;
715,682;-494,671;0;80;114;137;0,97004;;;;
712,618;-492,947;0;80;114;137;0,97004;;;;
723,123;-500,613;0;80;114;137;0,97004;;;;
712,25;-493,48;0;80;114;137;0,97004;;;;
712,887;-494,315;0;80;114;137;0,97004;;;;
715,578;-496,577;0;80;114;137;0,97004;;;;
701,84;-487,432;0;80;114;137;0,97004;;;;
714,386;-496,541;0;80;114;137;0,97004;;;;
710,096;-493,952;0;80;114;137;0,97004;;;;
708,27;-493,075;0;80;114;137;0,97004;;;;
712,188;-496,198;0;80;114;137;0,97004;;;;
709,952;-495,034;0;80;114;137;0,97004;;;;
717,968;-501,021;0;80;114;137;0,97004;;;;
699,334;-488,407;0;80;114;137;0,97004;;;;
713,495;-498,693;0;80;114;137;0,97004;;;;
710,441;-496,954;0;80;114;137;0,97004;;;;
718,038;-502,667;0;80;114;137;0,97004;;;;
705,565;-494,328;0;80;114;137;0,97004;;;;
708,246;-496,601;0;80;114;137;0,97004;;;;
717,883;-503,759;0;80;114;137;0,97004;;;;
715,649;-502,59;0;80;114;137;0,97004;;;;
710,962;-499,694;0;80;114;137;0,97004;;;;
704,232;-495,357;0;80;114;137;0,97004;;;;
712,632;-501,664;0;80;114;137;0,97004;;;;
716,532;-504,81;0;80;114;137;0,97004;;;;
716,344;-505,078;0;80;114;137;0,97004;;;;
707,985;-499,58;0;80;114;137;0,97004;;;;
703,305;-496,672;0;80;114;137;0,97004;;;;
717,411;-507,035;0;80;114;137;0,97004;;;;
713,956;-504,993;0;80;114;137;0,97004;;;;
715,399;-506,415;0;80;114;137;0,97004;;;;
711,538;-504,081;0;80;114;137;0,97004;;;;
713,389;-505,792;0;80;114;137;0,97004;;;;
709,938;-503,744;0;80;114;137;0,97004;;;;
710,973;-504,878;0;80;114;137;0,97004;;;;
707,524;-502,826;0;80;114;137;0,97004;;;;
703,669;-500,482;0;80;114;137;0,97004;;;;
715,295;-509,153;0;80;114;137;0,97004;;;;
703,702;-501,298;0;80;114;137;0,97004;;;;
716,136;-510,558;0;80;114;137;0,97004;;;;
719,608;-513,439;0;80;114;137;0,97004;;;;
710,464;-507,316;0;80;114;137;0,97004;;;;
720,038;-514,558;0;80;114;137;0,97004;;;;
707,238;-505,81;0;80;114;137;0,97004;;;;
711,928;-509,567;0;80;114;137;0,97004;;;;
711,738;-509,833;0;80;114;137;0,97004;;;;
711,141;-509,807;0;80;114;137;0,97004;;;;
701,201;-503,077;0;80;114;137;0,97004;;;;
705,074;-506,255;0;80;114;137;0,97004;;;;
712,194;-511,771;0;80;114;137;0,97004;;;;
713,626;-513,204;0;80;114;137;0,97004;;;;
706,536;-508,505;0;80;114;137;0,97004;;;;
707,968;-509,938;0;80;114;137;0,97004;;;;
711,834;-513,126;0;80;114;137;0,97004;;;;
712,453;-513,977;0;80;114;137;0,97004;;;;
709,423;-512,195;0;80;114;137;0,97004;;;;
712,88;-515,095;0;80;114;137;0,97004;;;;
709,041;-512,724;0;80;114;137;0,97004;;;;
715,735;-517,973;0;80;114;137;0,97004;;;;
709,872;-514,134;0;80;114;137;0,97004;;;;
715,348;-518,507;0;80;114;137;0,97004;;;;
725,677;-526,408;0;80;114;137;0,97004;;;;
712,128;-516,985;0;80;114;137;0,97004;;;;
714,362;-519,014;0;80;114;137;0,97004;;;;
712,464;-518,224;0;80;114;137;0,97004;;;;
713,079;-519,079;0;80;114;137;0,97004;;;;
718,138;-523,173;0;80;114;137;0,97004;;;;
711,479;-518,728;0;80;114;137;0,97004;;;;
712,9;-520,172;0;80;114;137;0,97004;;;;
717,552;-523,977;0;80;114;137;0,97004;;;;
709,282;-518,345;0;80;114;137;0,97004;;;;
707,878;-517,724;0;80;114;137;0,97004;;;;
706,877;-517,398;0;80;114;137;0,97004;;;;
719,592;-527,117;0;80;114;137;0,97004;;;;
715,362;-524,429;0;80;114;137;0,97004;;;;
710,732;-521,443;0;80;114;137;0,97004;;;;
700,461;-514,31;0;80;114;137;0,97004;;;;
715,983;-526,119;0;80;114;137;0,97004;;;;
712,161;-523,72;0;80;114;137;0,97004;;;;
710,355;-522,801;0;80;114;137;0,97004;;;;
720,224;-530,479;0;80;114;137;0,97004;;;;
719,623;-530,451;0;80;114;137;0,97004;;;;
708,159;-522,409;0;80;114;137;0,97004;;;;
717,215;-529,504;0;80;114;137;0,97004;;;;
709,779;-524,423;0;80;114;137;0,97004;;;;
710,387;-525,283;0;80;114;137;0,97004;;;;
706,574;-522,871;0;80;114;137;0,97004;;;;
721,647;-534,443;0;80;114;137;0,97004;;;;
711,807;-527,567;0;80;114;137;0,97004;;;;
718,437;-532,897;0;80;114;137;0,97004;;;;
710,609;-527,503;0;80;114;137;0,97004;;;;
718,44;-533,732;0;80;114;137;0,97004;;;;
711,018;-528,63;0;80;114;137;0,97004;;;;
713,227;-530,686;0;80;114;137;0,97004;;;;
714,232;-531,849;0;80;114;137;0,97004;;;;
723,655;-539,286;0;80;114;137;0,97004;;;;
711,029;-530,29;0;80;114;137;0,97004;;;;
710,43;-530,256;0;80;114;137;0,97004;;;;
709,03;-529,624;0;80;114;137;0,97004;;;;
713,237;-533,182;0;80;114;137;0,97004;;;;
709,435;-530,752;0;80;114;137;0,97004;;;;
720,043;-539,108;0;80;114;137;0,97004;;;;
711,839;-533,381;0;80;114;137;0,97004;;;;
710,84;-533,047;0;80;114;137;0,97004;;;;
720,239;-540,515;0;80;114;137;0,97004;;;;
711,641;-534,478;0;80;114;137;0,97004;;;;
715,438;-537,748;0;80;114;137;0,97004;;;;
710,442;-534,409;0;80;114;137;0,97004;;;;
710,642;-534,975;0;80;114;137;0,97004;;;;
715,235;-538,85;0;80;114;137;0,97004;;;;
715,432;-539,419;0;80;114;137;0,97004;;;;
713,235;-538,18;0;80;114;137;0,97004;;;;
717,423;-541,761;0;80;114;137;0,97004;;;;
716,822;-541,727;0;80;114;137;0,97004;;;;
723,399;-547,122;0;80;114;137;0,97004;;;;
709,64;-537,133;0;80;114;137;0,97004;;;;
715,019;-541,624;0;80;114;137;0,97004;;;;
718,403;-544,61;0;80;114;137;0,97004;;;;
704,656;-534,603;0;80;114;137;0,97004;;;;
721,181;-547,565;0;80;114;137;0,97004;;;;
711,82;-540,877;0;80;114;137;0,97004;;;;
710,026;-539,932;0;80;114;137;0,97004;;;;
709,427;-539,895;0;80;114;137;0,97004;;;;
719,965;-548,339;0;80;114;137;0,97004;;;;
711,011;-541,94;0;80;114;137;0,97004;;;;
703,653;-536,747;0;80;114;137;0,97004;;;;
728,491;-556,124;0;80;114;137;0,97004;;;;
708,02;-540,915;0;80;114;137;0,97004;;;;
711,79;-544,216;0;80;114;137;0,97004;;;;
706,821;-540,836;0;80;114;137;0,97004;;;;
713,765;-546,572;0;80;114;137;0,97004;;;;
707,211;-541,972;0;80;114;137;0,97004;;;;
716,134;-549,235;0;80;114;137;0,97004;;;;
719,102;-551,938;0;80;114;137;0,97004;;;;
708,586;-544,287;0;80;114;137;0,97004;;;;
722,257;-555,217;0;80;114;137;0,97004;;;;
714,916;-549,999;0;80;114;137;0,97004;;;;
726,596;-559,417;0;80;114;137;0,97004;;;;
710,94;-547,786;0;80;114;137;0,97004;;;;
714,299;-550,8;0;80;114;137;0,97004;;;;
704,593;-543,735;0;80;114;137;0,97004;;;;
711,118;-549,194;0;80;114;137;0,97004;;;;
707,748;-547,013;0;80;114;137;0,97004;;;;
715,849;-553,702;0;80;114;137;0,97004;;;;
709,316;-549,072;0;80;114;137;0,97004;;;;
720,178;-557,911;0;80;114;137;0,97004;;;;
717,599;-556,342;0;80;114;137;0,97004;;;;
719,366;-558,142;0;80;114;137;0,97004;;;;
714,418;-554,731;0;80;114;137;0,97004;;;;
719,738;-559,293;0;80;114;137;0,97004;;;;
709,267;-551,581;0;80;114;137;0,97004;;;;
711,823;-553,996;0;80;114;137;0,97004;;;;
718,717;-559,792;0;80;114;137;0,97004;;;;
717,325;-559,138;0;80;114;137;0,97004;;;;
708,443;-552,64;0;80;114;137;0,97004;;;;
711,389;-555,366;0;80;114;137;0,97004;;;;
712,364;-556,555;0;80;114;137;0,97004;;;;
715,307;-559,285;0;80;114;137;0,97004;;;;
705,647;-552,157;0;80;114;137;0,97004;;;;
713,708;-558,895;0;80;114;137;0,97004;;;;
708,777;-555,46;0;80;114;137;0,97004;;;;
713,684;-559,736;0;80;114;137;0,97004;;;;
719,374;-564,633;0;80;114;137;0,97004;;;;
717,197;-563,358;0;80;114;137;0,97004;;;;
717,773;-564,244;0;80;114;137;0,97004;;;;
713,24;-561,111;0;80;114;137;0,97004;;;;
716,173;-563,852;0;80;114;137;0,97004;;;;
711,249;-560,406;0;80;114;137;0,97004;;;;
723,996;-570,888;0;80;114;137;0,97004;;;;
703,373;-555,052;0;80;114;137;0,97004;;;;
711,798;-562,132;0;80;114;137;0,97004;;;;
718,649;-567,979;0;80;114;137;0,97004;;;;
713,339;-564,215;0;80;114;137;0,97004;;;;
723,713;-572,86;0;80;114;137;0,97004;;;;
707,038;-560,09;0;80;114;137;0,97004;;;;
726,42;-575,885;0;80;114;137;0,97004;;;;
712,887;-565,59;0;80;114;137;